bytes,content-type,elapsed,endpoint,resource,status,entry-date,start-date,end-date
1208,text/html,0.403,03b4b9c71aff16af723080addffa2c63812efe2dc0a0d28772c8e87bcec1db22,,500,2021-03-25T13:46:28.789880,,
5092,application/octet-stream,0.162,04cf69f42d47bce5a9756d6df0ff91a2a692f6eb54fb4da42c46df6ae6574b91,793808b6f468304807ee92e8d3b6f568cd97ff8e13550fc53f10a222731f10b1,200,2021-03-25T13:46:28.789880,,
541,text/plain; charset=utf-8,0.029,05762a3af6634daaa28f3f0c1480b40db9d965c5b798361602ee9b86d4a84490,50ce3623172e4c8b8a900426d17614f9e7010145cb140c7a699b9fdd11a9cdd5,200,2021-03-25T12:20:13.478565,,
3042,application/octet-stream,0.239,058fc1d3ba3aedcb8c9b47648b8458804d51e98aebd6175846b8b40cf5ab900c,23a6b25c16ca0628675350e6b310d900e1be409aa5547a195309825ec01621f8,200,2021-03-25T13:50:56.681293,,
,text/html; charset=utf-8,0.417,06b9562573dcb2b89bec1ef8e6e663f12be50a7274382db347614bba9f223e30,,200,2021-03-25T13:50:56.681293,,
23757,application/vnd.ms-excel,0.594,091d167efbcfaf8dac1461915dafc485344fa67890db984f63e9d70cdc49a71e,a46917222774dece27bf9999f2071ecbc613561f57ddb8cded7909e908a81929,200,2021-03-25T12:24:08.297510,,
25351,text/csv,0.407,0a9a3c4904e8eb53d4e6dc90ab208b93209c930e3a1ef2d3ed9f903c3ef7f482,d0a847d2180b3a3ff78b1636a184cd8cad1cf4088f591cde8faf4496ecea853f,200,2021-03-25T12:24:08.297510,,
7491,text/html; charset=utf-8,0.333,0c7824da797b9562120d05fcca7eaa9135d82813e1494d0d51f51e5680b6ba9d,,200,2021-03-25T13:46:28.789880,,
2684,text/csv,0.158,0f37f19b0d3d5eb42ddb18862639cf23cf1456963ab264a37710b8ebb0c8526e,3b2b2840f5d22b045794f23e9b9c4bda1571217fb5aad71e22a4f44a0ff2d20b,200,2021-03-25T12:24:08.297510,,
4965,application/octet-stream,0.133,0f58cc93427544f40cfc63b29809bed23c6485923e095d2c53bb0ee3008d309e,6bb3c77a4730adae3508a934118c75e698f47c2988498ffd2bc573e41b55c27c,200,2021-03-25T13:50:56.681293,,
17262,application/vnd.openxmlformats-officedocument.spreadsheetml.sheet,0.185,0f6f5ae1fa5632f2b8cc08891bb3157541117ab29bdb64f55363008a734772f7,bba155bb30459d24e54c8f43baa4637ec97714794043bed3c59fdcaf002b7718,200,2021-03-25T13:50:56.681293,,
11967,text/html; charset=utf-8,0.649,149717df07e34cc9c63a17bd78c12752d7d67d606413d8dc232c86958b814218,,200,2021-03-25T12:24:08.297510,,
7996,application/vnd.ms-excel,0.184,16af08c6b63f522fe12ee84045b3a55a13a8de4d0ae89505bae175dd3fbb931e,bfec37bfb2328a278ffb49cf0c1fcb96d058d7cb0943449a556c12900e0ae6fa,200,2021-03-25T13:50:56.681293,,
5201,application/octet-stream,0.472,1b78db1c1f91b863efc393197395697a831ae6fe7c3e0050a004e12e38d57fcc,cb0e27af25c0bd56fd00ba2b241c16500b1c0fe9a3b4abf4c3c5845c7fc90047,200,2021-03-25T13:46:28.789880,,
1208,text/html,0.027,1e35b6daadcfaf1a2a40d68b19c18ba92c8ced6ad0e9bdfb3c378fc1c156b9f2,,500,2021-03-25T13:46:28.789880,,
7490,text/html; charset=utf-8,0.336,1f308e57f0b323eab3a7525fd33a92974ab6b4916b68e2d04472b40aaba32456,,200,2021-03-25T12:24:08.297510,,
10173,application/octet-stream,0.221,2150658d50678c26993baec2c52da50325463e9bca3a35fc5b4bccd6fccd5e51,afcc9a4d4c494c1298af72f4e422bfe1d973bcbbafa91ac69e93d3abb2b06a6c,200,2021-03-25T13:50:56.681293,,
1208,text/html,0.025,226e672cfb5e9baebef7d6a0a16e30a61e09a18d6f6d4a2dac1afd81e811697c,,500,2021-03-25T12:24:08.297510,,
,,0.001,23700b00504d0ebbd20d642feb6c18a8168192ef932060ac148c612ae385a8e0,,,2021-03-25T12:24:08.297510,,
12887,application/vnd.openxmlformats-officedocument.spreadsheetml.sheet,0.308,2398916e652311c83f7d73136018b4c67eba0d5b02bc26289822daf7511a084c,f45e4d90d15d43a7b3315dbbe1400614d10a5074fde2c158a085abe728cfa478,200,2021-03-25T12:24:08.297510,,
1829,application/octet-stream,0.109,23edc40c94663cc5c9870d29874115735a5ffae8f111ae3741692452b5a422a7,f9edd1a18f643a763435bd801a7e5a7f9a7ba3abc4889fdab54e58c751f19528,200,2021-03-25T12:24:08.297510,,
7494,application/vnd.ms-excel,0.133,24c6e58b61392f3f73ab40498c77aa0c07d79944d3289a21f8ada26b7bc08dd7,b23b22a539c76b8a3f5c3fd721cb1b79a50988e78c26140c914c2450ea4b52f7,200,2021-03-25T13:50:56.681293,,
1205,application/octet-stream,0.278,266f6a4303ca00862996537c60e84e91f85928a1dd5be53a17e20c369da37303,83742383e1796e092422bc58706d210f9b079956ac57c9c845614af5b322da30,200,2021-03-25T13:46:28.789880,,
3098,application/octet-stream,0.173,2949face1bcd597baade64dbc4dcda33805a4ea2b8b89105d298013932f2be3d,9a85055294c6d5217adf020b1d07ae91d7fe0e121f2bd95e090b91684d93a7c0,200,2021-03-25T12:24:08.297510,,
7044,text/html; charset=UTF-8,1.542,2aa7e57f2a595bb27b823b36a2c1ee29152c4540141e4e9d6c792d54c3079c36,,200,2021-03-25T12:24:08.297510,,
10029,application/vnd.ms-excel,0.568,2e23473d44aeb29a9fab2502f2da4710fe760574abfefded48f2f211f7e195ee,0fd81d6f28df754333964c21dc122fe8a63ba8291de4cd7e4e37e2f11b8d06f8,200,2021-03-25T13:50:56.681293,,
4544,application/octet-stream,0.16,31594a177291d609857bb8b76738f437fb3f85dfb84f747abf049b754c875863,f374274d440bd2d4a7b22659e74a029be58179992e99064906d016667839d0f1,200,2021-03-25T13:50:56.681293,,
,,0.001,33f348d97537b507f6b606c8de2adb8fc5a93f2864aa272ba687df723b09b532,,,2021-03-25T13:46:28.789880,,
9205,text/csv,0.58,3992959d38f1c2642f75c91bbbad68c992a065ec50e02ba690ac8f4b711a8269,d5c7e4f72604f412c93621c00f39247efef6028a7ecb485fa44fdc1b76d37510,200,2021-03-25T12:24:08.297510,,
7035,text/html; charset=UTF-8,0.255,3a04a41d701d43fd88fa3bb2851a3715d68e395ff9da1819b210704df2f10f6b,,200,2021-03-25T13:46:28.789880,,
4804,text/csv,0.248,3c6e01bbf35f5618601873d4025c1d3abae976b24dd58bd41611feea56f7d84e,dd7407b9ef67a555c1a4c5bd41c61c2ebf221fd8478d0a1275422f2290f7c079,200,2021-03-25T13:46:28.789880,,
215,application/xml,0.202,4262f9ce516a52a68b60377e50ec86eb7db129594fc12d03cfe731ed3c9a7581,,404,2021-03-25T13:50:56.681293,,
3934,text/csv,0.323,44a3e67ee571b72e6ce04abdd865301d823a189bc28180fc3ed32e2918558dfb,9fdab27cb4f89647e2089f4c2d27b75f8f53d88b180d9da964f1ea7c1c92db7d,200,2021-03-25T13:50:56.681293,,
2079,application/vnd.ms-excel,0.16,450f93f25887ed07df4f266fd5c6c4c910d84ff6a0d37e71aa7edfe297c4dffe,a53905296c09687d6109b8cd24c4683f1becd592f98a1d3b74ae18cad5bdaff2,200,2021-03-25T13:46:28.789880,,
492,application/x-zip-compressed,0.346,455a640f3c8e3f305cf00b4d8c7d89d87e7878badee030c3d96fe2771a1c777b,39993d6037d10b5798f09cd74eed58ca6536808bab6c398748928bd876e26a54,200,2021-03-25T12:24:08.297510,,
1208,text/html,0.023,47961cafc138efc49d6c7ec3838a34056442e1c5b525a534cc0ff780f47b083f,,500,2021-03-25T13:50:56.681293,,
35366,text/csv,0.41,4f3c11066adc16e06dac6a11d5d70e2c582cec8c46c4add8d6386070e4a3afa7,cf1f853830b21a41c0368f485ed9cc6a53fb3ffa9423562682e758da9b6aad95,200,2021-03-25T13:50:56.681293,,
,,0.362,5207f064cc5bee9d321ee25f4eca2cfd18a26ec6ec57895bb37cf389b4d2ce7d,8c2cfe5ae208afa9d3c2341016cd5bb6531744350b824f1451fbb5a5b43e24e5,200,2021-03-25T13:50:56.681293,,
12128,text/html; charset=utf-8,0.467,52c259b262aa472edca3845edd65973a10adb5378e2060b6b5257ef3cba091d5,,200,2021-03-25T12:24:08.297510,,
963,application/octet-stream,0.085,5a43596efd483ce830f6e8fc9b40645f7e3829b8c829ea5d4d4bf96a4bb73088,5511d62e32ffa237fb161d4b3cfce14e78a2bd8dddb3349f03b3399683dda1da,200,2021-03-25T13:46:28.789880,,
761,application/x-zip-compressed,0.317,5bd3fe053af0d46c804498e2938e16786d65935044797ce394a03aa93bc3188f,6875e66232fddb37aac46350f297d36d44dca546a4744199daa002932afa08b0,200,2021-03-25T13:46:28.789880,,
7976,text/csv,0.181,5f8ae77da86881228426a3a7d1fbc17839d53892344e0aea372c4dfe95733e8a,8633d3fb888237fb0da41e8f286b377304c3ff4e4d481e0d025c2c3aefc86587,200,2021-03-25T13:50:56.681293,,
215,application/xml,0.201,5fcc24c20580a5ad333bd285630ab5da984a5aa176e94e2a02eee8168323634b,,404,2021-03-25T12:24:08.297510,,
8411,application/vnd.ms-excel,0.378,605168f4c230cf457c55a953540aab1e4537bbcd1b97094f811ce345a5479807,7755985fe27da15dcad47c1ed32bf86f3a5452e20b6b3f9b155610bc90cac880,200,2021-03-25T13:46:28.789880,,
166,text/plain; charset=utf-8,0.083,607eb93bad47b5d4ea3364ec0fe4c4ce09d9e83674cceb559ccd0faf40c935db,2a0d245b5bdf9a95665cafe11e0823698ca2edc099d2d8a1ecabf465269e38c2,200,2021-03-25T12:20:13.478565,,
,,0.001,6171e63f0cbf308ab07f92ae90cde5e8a45091869efca6d2ac4f8cb197aa25eb,,,2021-03-25T13:50:56.681293,,
1420,application/octet-stream,0.188,675f65fd59ba990515e78f92aaf5394fa9442c2a6af1e4f99882ff953279f474,09a29f9bc4cfed659c732f5ce2a7595ac827606a48862f4c8c8897d109be2ef9,200,2021-03-25T12:24:08.297510,,
1060,text/csv,0.167,67d437af3185d71185cb7693beff108ebc6feea2f91df5feb616f87ace9a429e,f0a0a9575d78bbabee8b99aa84b08529d598b079cfb2383d5b3f50cc5ebbcc44,200,2021-03-25T13:46:28.789880,,
2464,application/octet-stream,0.251,67f61203894882a61ed0df22dc6bb5867051d82111b3cd2f907d7f702cbdf0fe,3eeb367706ed642d8ee96b78eb41b199625e81ba5fbd4df96ffe5c9928964d4b,200,2021-03-25T13:46:28.789880,,
492,application/x-zip-compressed,0.411,697dbfe28573767f45aeb099d7babe91561e95353609c8a18ab855fbd0dc96f5,7937d4461ac9ee183946138b93d67868edbc39ddd5f589eac8c4f6cdde08e9e4,200,2021-03-25T13:46:28.789880,,
15781,text/csv,0.202,6a20f4b320841918355187b741c32b8985da74151719365d784f843e5f9205a4,bd25101f5b8922a2efe7cf3a8e7591c4f29c13620f39fac476e9248ae39322e4,200,2021-03-25T13:50:56.681293,,
1877,text/csv,0.2,6be19907e749ccaecea92d9a0819172bc0892b60d8ff2eedfa7adeb70486172e,0042ac514ca21114b3c9ddeba39da153305ecc63bacc9795af60cbcf833c1920,200,2021-03-25T12:24:08.297510,,
16821,application/vnd.openxmlformats-officedocument.spreadsheetml.sheet,0.177,6c56f27c240da02d6bf0449bbd4c8f71163fe60be0ebacefbd2e5480a899aa48,a475b18d7eddcb7c3d88b8671ab193c34df929f131d646a5357e6472ec885b39,200,2021-03-25T13:46:28.789880,,
138,application/octet-stream,0.148,6cb8454755578c0494f830408999f5efc0a4cde7db6dfd0ed4b4b61cbafd2ee2,dbd13985fc3570bcb6c16cf2d08c04054342b9932e352741fdcecd1e2153b53f,200,2021-03-25T13:50:56.681293,,
9172,application/octet-stream,0.121,6f317f7a4ab4c81d06eaa7e6b8551f8d0ad08a8385bea5a86f03475caa0b9fc3,40641c8c87cf5b62ad9baffb0bdcdbfc66639a893fde0dcfdfd73cb51ed1c89b,200,2021-03-25T13:50:56.681293,,
,,0.358,6fb30c974f37f266c3947079dd9c3eb60c0cb1eaa550c4a27b1ea2886efd6a6a,fbd716804eda0c8d0474ba966e38a32359dc716f2cbc6d828775c6054a69c980,200,2021-03-25T12:24:08.297510,,
11866,application/octet-stream,0.15,705d90de8c2841af9a725e0e4c0d39166d169e45497d895e04293821d07b2bc1,954f1388c7fc19d02fbad76bb98a7e9c57379b95c0b3bdf4e0cf854129cf839f,200,2021-03-25T12:24:08.297510,,
8173,application/octet-stream,0.245,74e6ad20eeb23e7d21a942fcad5316e140e050f36da8247778de46f9f576b6b7,3627eee409268e96dde71b17a368f269f6d15b837d5d487febe86716c5cde210,200,2021-03-25T13:50:56.681293,,
2512,text/csv,0.193,7892a892e59ddef72c0a9e19d8262cafb5333486c1298426e06e0d61416681d2,ccf1710214131d07fdbcbda95b640a80578f09377f39f78959938cd8b2ac4ad6,200,2021-03-25T12:24:08.297510,,
13670,text/csv,0.11,7c9c8cbf1a347131b1da952f2546b8e368c733b895d44ef27ec3df39cc8b3b22,c33a6f502c0c6594c3cbb6f12e5b25ae83a673eb63138b6a9bc70972f7b0d1ff,200,2021-03-25T13:50:56.681293,,
6217,text/csv,0.032,80ba52142432123215915ed80bbee5b568de768a92ef8f7b97fe872a57fa6c5f,9dff86d3399b09c76da7353d65d52539fd8fcb25c934a815b5d13326c1a7141a,200,2021-03-25T13:46:28.789880,,
215,application/xml,0.227,819b2ef6fabea4142cbd05d7e5449a404ca6a5a8258cec711a4a8354f6a51a0a,,404,2021-03-25T13:46:28.789880,,
6738,application/octet-stream,0.127,81ef832cefb3916bd499780103bea2953b1575b6949a8b6488b59c8fa3b00002,559bb03b6dd944251f80beca84343e5a78453745d860cb21b239eea57626f7b9,200,2021-03-25T12:24:08.297510,,
,application/octet-stream,0.113,86b8b9fb695025941a7f16e9db7c35b5573345460b92d95383d537ad14470ccd,db0657204595c9253cdc9ecb7fac06615af433148eae36898ba31699f2c86e7f,200,2021-03-25T13:46:28.789880,,
5416,application/vnd.ms-excel,0.145,871a30878a9f39e64c8f27a2d6eb63b1445122df929388235dc6ad773fc87778,1185abfc82b22f7964c9db5c45eb0bdc59f880cbf06fe76699ff4f44d413c37e,200,2021-03-25T13:46:28.789880,,
5751,application/octet-stream,0.136,88737f7c21c72420b9420309ceab7f5424cb9d959a9e4b3decb3654bc6a90ba1,db997853c615a760b3c77a390b4e7c7f62ff993b778e7d1c991db8e650fe4859,200,2021-03-25T13:50:56.681293,,
21220,application/octet-stream,0.252,8e78089325ae9aa83ac898bdac70b13f48c3867b3d310af4a9016b29c70c8c35,0e3eb04edb0e4d864de1a8979dd9b703a43af5631159e1c3ad4a243e034ab8e8,200,2021-03-25T13:46:28.789880,,
2712,application/vnd.ms-excel,0.168,910e422ddd3431a329371268bfcade444c7f56188295f21b36fe5fb67b17032d,e029cb76cbe7feac0697ba07b8e2a25b00c05cf3919da4c4f72b4d8670104f17,200,2021-03-25T12:24:08.297510,,
4643,text/csv,0.259,914e84dd87312abf478d67da171e8dc5c8e6946ce7ad0d32737dab75f5530698,4040b7684b6073a8f5d209f62b20af04fba7e19f6e35002debd1bf148c25a87e,200,2021-03-25T13:46:28.789880,,
6390,application/octet-stream,0.279,92c6e28bf2b1867dbffcfbf86ed9b47d1a179b85673059b9187d9344ef7ea55d,b7ded02f8c74e329c9e349963b45dcdf864ff218b7836472d80ce5bb85b88f4c,200,2021-03-25T12:24:08.297510,,
3246,application/octet-stream,0.184,9433a80b62706e6d39bb1145f9452dc818594dcd061948dd7437b07d7ad7fe37,3a60c2546d08242f531946e2001f0b654354131e67b09cdad871b66b71ef6847,200,2021-03-25T12:24:08.297510,,
,,0.361,96b7450b1f36e003fe640407e12ff8818015401412c3ec0bddcdba7afb369896,1a7662f136386bd8b30a7a31e11111559b0cb89a69c0fe5679d5948fb8e9c3c8,200,2021-03-25T13:46:28.789880,,
6554,application/octet-stream,0.091,9809aa11e4f0536e21649e94552180ed717befe3b712649f2275528970f3a8d9,47e2252dfb25627a65206330ec2454d9e5673150ef414f0e3b0c54eb123ebce7,200,2021-03-25T13:50:56.681293,,
9291,application/octet-stream,0.198,98ba431e657f89a7ab7d4994348e09c9d4b55619ab7c9525fd6f7e13c3d915ca,4df67ee29395ec1d8c5e5cbf1fef94636010668ecab77fdfa2b809188454a9a2,200,2021-03-25T12:24:08.297510,,
12759,application/vnd.openxmlformats-officedocument.spreadsheetml.sheet,0.24,9926ea3636ef34f766224941b63f631c1b69650a90c74168770317910c128564,a2fa62f0aa7f2a1ad3801ae465e433084e123920163a446eb19e3380c4052841,200,2021-03-25T12:24:08.297510,,
4158,application/vnd.ms-excel,0.362,9afe15840237f1b985ff722088913e650834d2827f6b0119422f0242da53be5f,8f9747e53a2edbc5da5ecd95b90dca06a644a72ea346d12cc690057e79e1caac,200,2021-03-25T13:46:28.789880,,
33881,text/csv,0.499,9c3bc807103396ac8676859a0ef89768e8f67ee4a677da0693333571e1c50f4c,a4158b07dda1a153d640c7ad7d8e6ac95178985e7bf6d96fc31468071c9b159a,200,2021-03-25T13:46:28.789880,,
,application/octet-stream,0.151,9cf25b31ee020112f85ff40c12b03e96e0cdac1ca8976dfd1da92ccd7d9dd8eb,7eb2986bedd11e2b6d4985c25ed8f9528bd02ba431124cc6a69bf003bf0714a4,200,2021-03-25T12:24:08.297510,,
3532,application/vnd.ms-excel,0.2,9e811475516670a7f1da1c46472219a07e6ef387d183d49d52bbb43fcc0b2811,937e118d13655fc9c1c8dea2f307e9bdf6cd8f88e0793151f815b1c32e4ec826,200,2021-03-25T12:24:08.297510,,
5869,application/vnd.ms-excel,0.263,9ef56ec1d69b833696cf01772f596dae6ffde5e510c0980988b2b7180a4a4735,e7ca5b3b0157972149b2a38c06e7fb63a96c74d5d7cd287101adad2653167653,200,2021-03-25T13:46:28.789880,,
1148,application/octet-stream,0.288,9f4b02fe50875efa7ed82f5205a36b98b81d66310d5ffb3987f64fe6155ed83b,bafb0a5bf75d8fc7257c8014121791f7c938e97c8b140ab0da4186581ac2b063,200,2021-03-25T12:24:08.297510,,
5464,application/vnd.ms-excel,0.214,a06836755418154220d78214dc67d2aef22e109b38e0ea1eaf4a18ca67e54c5b,d7cff6eaa4f5e9c21ab17e82cc804c453929dd493b8792ff6868fb6dc3e5395f,200,2021-03-25T13:50:56.681293,,
1077,application/x-zip-compressed,0.394,aa707a5e8feb8d6a63b068c0559d5aaff41af51a39707b9beb0c0792fe48c1fd,6d4aac412849618d6a4df09ddeaeee9dc3a72411b67e962e074c0375477b7fee,200,2021-03-25T13:50:56.681293,,
18428,text/csv,5.897,ab5f9891cd4f8fdb4b5a70b17c6b5134d5a5de750f751f039de1000a2931cb95,2a267c32d0febdf7a8f7a4cb6d6f12f0c1f4e38270c78d0a71dfa3eac699c7ee,200,2021-03-25T13:46:28.789880,,
437,text/csv,0.234,ac85cd6749b8dec9b8be4ec6cf88ae721abeea9089c0f72fb50f8809dfc80050,935583b64cfbe7afded7d700d16afdc2257ba8335806a481e9968ea5a2062f26,200,2021-03-25T13:46:28.789880,,
6437,application/octet-stream,0.128,acc64c0dfd7cb892710745cc128c5a52c05c5219274baf6fc04c615caa343203,01e0140a6d4dd19f9be9bf4b67a9e60c2f27c7f290032e1be7d3d2b4842b32c1,200,2021-03-25T13:46:28.789880,,
1208,text/html,0.243,acca1c0be9b3596021e30997c79db865402c260fd154657c50bf1cdc67f5d0c7,,500,2021-03-25T13:50:56.681293,,
361,text/csv,0.468,afa0b3273bbb7e19c233af9c5dd16bbcbf4091ba69e1909e5a840e3586668f0b,4625debf30f73d5156252ce9f03a89ea60296c2578e910074aa62e26fa09057c,200,2021-03-25T12:24:08.297510,,
13175,application/vnd.ms-excel,0.257,b15edd86367e6636e0f485d4a7d538ab0512dad67b7eb1505854177d2f67a150,e8c140ee7c69173f6e6de8cb2c2fad5beb340203e435de93a485bcf548161986,200,2021-03-25T12:24:08.297510,,
6938,application/octet-stream,0.222,b16799e75361adc05a0b40f03e449374fea1c5532ec2d048aad99b33e26a6e34,c2b0b13e441a27f3e841349cede5bd015a034a95f26ecf23ced0c41df93ccd73,200,2021-03-25T12:24:08.297510,,
1958,text/csv,0.031,b3fd56e66f51e1b601085e3db5a6735cde5fe19cb5bfe4ff59937a04b547b764,246652df4c3637f7d3e7b73ee7af6299e6a8c7f3a40ddedd6dd1cac48265f6e0,200,2021-03-25T12:24:08.297510,,
1477,text/html,0.19,b4a9ea1d51cabb43df3b2597cf9b403e66a7711a69743420c1c75c0302b72007,,502,2021-03-25T13:46:28.789880,,
939,application/octet-stream,0.112,b4b23d8c1e653a4e20c50641461b6553eac09f6087a13256547dee0f18ae7915,a0715950d85e5716b99c883074fb5944068656f036691a8fbcc1e5ba069184b5,200,2021-03-25T13:50:56.681293,,
12947,text/csv,0.329,b5e608b9364ce909230c24e4a3230c04bb0fb094a07c4879fcfd9c38a6a05e60,969c98b4e9472b0e945e96b62d03b1e99d137b57840140b1a745fbf9a8b74647,200,2021-03-25T12:24:08.297510,,
12117,text/html; charset=utf-8,0.488,b6d4f13fb4db8014b944408cbc63d2ef31444a6111f84484956a6bfab80e8ed2,,200,2021-03-25T13:50:56.681293,,
4496,text/csv,0.141,b7190aaa2bddedffb3c5458ec7c2ea3809f8ee71cd670f2fbb2b4951fd74f17b,80159ad9f5769c83636e9230fc27a4202f9049d69c8cdc11940dc289c5e0d62c,200,2021-03-25T13:50:56.681293,,
1041,text/csv,0.425,b719eb1ac2edadc67ec0f586ef884601abec7ee2eb0ec4fb92f66a13bbe96116,f88aa0734c0787a305c642061d062c0f787f96f54d5a6dd8d0abef604343f725,200,2021-03-25T13:50:56.681293,,
16684,application/vnd.openxmlformats-officedocument.spreadsheetml.sheet,0.223,b89a7ccd1ff32160402323509b8425bb61728a115ebe14ba80ac08e8b16e43f5,b8615b9e2e5e32c7c8116daccfd37f96f8bccc7e2a46c78e87f61f76f2c738f7,200,2021-03-25T13:50:56.681293,,
691,text/csv,0.351,b95d4641513f0b999d42de4eeefce08fcbe7d0ddc4d5970c7a9e8aa330ecf15a,d2278626ea7d643cb19f37ca81e5f01e02fb2a2d61f26ad5931e6f983ba203a9,200,2021-03-25T13:46:28.789880,,
1813,application/octet-stream,0.169,baf92f29405c1a04cfb25818fa531d05b29ece1000067f5fee9e855e0969cc24,f837fdb379cdd6086be9d2b006cef4bdfb9f41ac65a0810cd8293499a135ebcf,200,2021-03-25T12:24:08.297510,,
385,text/csv,0.226,bc0800197b172da0af614ad9953ccffd120fd871ce7c3a92bab785f6769ab1dd,0e4e4920dae85cfbc313362b9e39b11572f165d113d949ec87d7024a5d60e881,200,2021-03-25T12:24:08.297510,,
993,application/octet-stream,0.174,bec467da0d8851388b931dae57ffa5e79653f3e271981c08e8c1a5c0e7b1140b,cd862e185b228e1d1dc1e59da83dd11e27604e1dc39aeabcf8aafe5f932dbf4d,200,2021-03-25T13:50:56.681293,,
950,application/octet-stream,0.157,cbbd6e49bad34c453957aa803a235eb657a79397b0845aa7b383ea4ac2fbf092,d2875a91f628c3a081595c1a798a1ccae06dbefe03d168da3a892d6c16c6cf3a,200,2021-03-25T13:46:28.789880,,
360,text/csv,0.288,cd53aa90239d7fab29538bd27572a14ef5d617b08f5eb02f5bd4d07c787baa5b,8e763b1d86d8220c90959f43385fb89c0d66116eb817d8ea41ec4e8a01ad4211,200,2021-03-25T12:24:08.297510,,
2591,text/csv,0.228,ce072807557931174a3d22121fd8ac962008181474e5e98d67ac015c624d74ae,5271fcd3ee120860e43f9384540f0b571450a9a309312b6e2e94931757a3bb6f,200,2021-03-25T12:24:08.297510,,
512,application/x-zip-compressed,0.307,ce0bd6e8e1ca415fd3a44286a7a1b1901854db7b3b65ddebb43c7cd6d0253199,f057b191fd6a805cbe7af9fee17a9962516f845925c7d70c9db4fba327ffb22e,200,2021-03-25T13:50:56.681293,,
2048,application/octet-stream,0.181,ceab451289dbca5d078da2e7aafeef58392d5dc410d718e086859fa41a6d8810,e903e4fbe6154cd629d55a171f6d164f5fcdc2b0e49517a0414e54741b55bb86,200,2021-03-25T13:46:28.789880,,
3493,application/octet-stream,0.297,d0574d7dbacb8f5e91be8f7185f815a10b6d55f02491282b95784969ace63330,94926165e72223677e23186759d278b629615bfd8db0d9e65f3aeeea2b5766fd,200,2021-03-25T12:24:08.297510,,
2854,application/octet-stream,0.221,d4a0f3d0aca376b252ee34333f42c335a97c158c79278ecceb82a7da1b21979d,48fb3137be30ce173c3869f9f0278ae5a29d1b72266ce035f4e80e4739d0131a,200,2021-03-25T12:24:08.297510,,
11970,text/html; charset=utf-8,0.764,d75ddc5a7c8293fcae095a94681ec18248e32e83bcb5456bedd0f8f7dbe640c6,,200,2021-03-25T13:50:56.681293,,
1184,text/html,0.518,dab6c5354b093d392e61fca5302b0cebdc3dfe895a0babf15e26abfd9182eb4d,,200,2021-03-25T13:50:56.681293,,
13173,text/csv,0.554,dada07835331757552efca96881859b4c5159c89fe44837b6185da761d80e54f,c00186b3bc331dcfdaea2fcae30f437f7cab5bc1de08aa1c95d4ec8b7ee87621,200,2021-03-25T13:46:28.789880,,
661,application/x-zip-compressed,0.421,dcd79627acc9f6a449fb6f9dd65823bc8556e68183ec85940c46c8024dd62cf6,e9c4e3e55c016bb0c2ea0b64304f70499ea50ed6411fe5773eede0f944e62c86,200,2021-03-25T12:24:08.297510,,
13767,text/csv,0.145,e08f600e90eb62a72fe50b79d49681b2d64a966df97fc77dc6c20a8a8a09f43e,08711612fcde44985ba344127826cadf611dacf65716c3f6ca8b97b8cb8db07e,200,2021-03-25T13:46:28.789880,,
2840,text/csv,0.14,e38bfe46143d42ec996fbe99add19c7ed136f2dee12c192edbc85b2211f8ce73,5e2052d196ae7f56a4bc691f63a64aad10ed6cd49e27a0d14921de30ded8f306,200,2021-03-25T12:24:08.297510,,
3875,application/vnd.ms-excel,0.117,e4a3bbbdbc80d48650d16eb4c050c6530228118b0f0da133a3911b0d07795b4a,2249cfdc7f82639ab82ec43e8602bda1d2c824f7d91a0eb15296ad0b36852d39,200,2021-03-25T13:50:56.681293,,
9213,text/csv,0.443,e6fbd61b44f686dfd55a324b35b494c0e8ecca549356a0bece6c93cc5090f035,ea727179db9213ce2c28f7f130de5022fb8c2d687408e7d93cbf171de2da29ad,200,2021-03-25T13:50:56.681293,,
5943,text/csv,0.132,e771020a1b6988d816e809cee11bc8a8bc46a31d7c74640340f67d64d4dc7d40,d122952b0db54197ef4ea5bc5db9f2b996cd15adf4518ed55da03b62e49983cb,200,2021-03-25T13:46:28.789880,,
1811,text/csv,0.472,ea080017f5b7e966e610a093053208abc19117506eca678fd3532938502e519d,4579e644c2aae3f294119f87085abdf28d64749d8c56c08fc824497ade34f74d,200,2021-03-25T13:46:28.789880,,
5538,application/octet-stream,0.206,ea306a1820af9ac94bbf75ae6de68a40a8446d1c1988a8ff2f4956dda6080196,03d1d1d57f17a930761ccc80fe3ac5b839d1c4b4bd0f3c46e4af535c7bcb30e0,200,2021-03-25T13:46:28.789880,,
4367,application/octet-stream,0.224,ee9944f8f80e2eb0bc662cdabd825e4e4db64a5416112c6e442f23f12263b341,985b0cf53b7e9ac7cba0a3df1cccb0d51218cb4c74d859059bc4bcdf9dab6b47,200,2021-03-25T13:46:28.789880,,
12118,text/html; charset=utf-8,0.485,f5fc273210dfd5dc13e851eddc2f07d7b3cc57239c701cb872d4580d1c3c5b05,,200,2021-03-25T13:46:28.789880,,
1208,text/html,0.935,f6a7bfb6ddfe1402e7367bc4f536d0c67e6293eddfe800cbaed76cab92b99479,,500,2021-03-25T12:24:08.297510,,
2652,application/vnd.ms-excel,0.181,f6f0f76c3e0c963b8899b552fae0ec4ee8c1c8119210faa10f238dc2bbdf08b9,31e233319b082fed11b3e2336c51d757a8a121ac7c6caf8a97f3cbe8ee411a76,200,2021-03-25T12:24:08.297510,,
12007,text/html; charset=utf-8,0.705,f72c927f7cc0a10adfe5d44facd25c31025403dc46b9e55815e67c26957a60e0,,200,2021-03-25T13:46:28.789880,,
14339,application/vnd.openxmlformats-officedocument.spreadsheetml.sheet,0.27,fa1741152bf57edffcec7fe60c60be95450df6d95cfc71696609617e2015a18b,61915bf3624776697231d10fc0fa1221339662418ada2fdbefdec9fd552194f7,200,2021-03-25T13:46:28.789880,,
8314,application/octet-stream,0.155,fac58beef7997f7697044f4ad77e922092c43182bb6fe746631785e760d452cd,6810eaab2a893bd470268834c8457a2969fefb36fc3fa66ee0fb25e18677dc9d,200,2021-03-25T13:46:28.789880,,
4341,text/csv,0.027,fbdee5b9c7eb6f2c9335cb363d04df487767f13ad06348a05fe03563f13a7dca,02630d89581c914e9b79a34551d5affbe41acdbbbbdeeb7ad409cff5ce29a796,200,2021-03-25T13:50:56.681293,,
1477,text/html,0.218,ff05401217ed0922dd380be2be60d1a8c22347f5e6a29ffc569998c4df5a99d3,,502,2021-03-25T13:50:56.681293,,
1115,application/octet-stream,0.277,ff11e8140d3e8733666b7f462a610ce1d4e51af27ec0cb496166bc0d5bed4f4d,d8767338f601dd058744637696f4c00b3edd87276f53e4395db854bf72e2863b,200,2021-03-25T13:50:56.681293,,
