resource,bytes,organisations,endpoints,start-date,end-date
0042ac514ca21114b3c9ddeba39da153305ecc63bacc9795af60cbcf833c1920,4520,local-authority-eng:NFK,6be19907e749ccaecea92d9a0819172bc0892b60d8ff2eedfa7adeb70486172e,2021-03-25,2021-11-09
01697c126974fe82f8d3bccda8c7fedd37e26ccd93b329d081203861deb0329c,15067,local-authority-eng:DOV,65c04fb830320a32ceb91061f02d85be6fdb0f55fcae673441aeaf5f0cf52d6a,2021-10-07,
018f8f57180e40c2497da09dee85e6daee51ef50f1b62d0a8a7aeeb6e7550c5a,11346,local-authority-eng:BNH,a54f2b079838979c3fc00056be124dfa0a34fb3ac6a0e213bb24965996b03a27,2021-10-07,
01e0140a6d4dd19f9be9bf4b67a9e60c2f27c7f290032e1be7d3d2b4842b32c1,6437,local-authority-eng:WOT,acc64c0dfd7cb892710745cc128c5a52c05c5219274baf6fc04c615caa343203,2021-03-25,
02630d89581c914e9b79a34551d5affbe41acdbbbbdeeb7ad409cff5ce29a796,4341,local-authority-eng:NEA,fbdee5b9c7eb6f2c9335cb363d04df487767f13ad06348a05fe03563f13a7dca,2021-03-25,2021-09-07
02fe4e8ebb24587dcbabb55a518a2a0f6b28d11cf6521e67ad1b69f6d48a58e0,2617,local-authority-eng:TON,226e672cfb5e9baebef7d6a0a16e30a61e09a18d6f6d4a2dac1afd81e811697c,2021-04-09,2021-07-13
03d1d1d57f17a930761ccc80fe3ac5b839d1c4b4bd0f3c46e4af535c7bcb30e0,5538,local-authority-eng:SLF,ea306a1820af9ac94bbf75ae6de68a40a8446d1c1988a8ff2f4956dda6080196,2021-03-25,
04966d414eafc6a5094f63b259d7ce68f6fd68e2186654b3f622c58f07079de8,20411,local-authority-eng:NFK,6be19907e749ccaecea92d9a0819172bc0892b60d8ff2eedfa7adeb70486172e,2021-11-10,2021-11-10
0727f2fab4b64644d5f1fb289b4cb5ab3a993bd4f1a27b5bb87c59ef654eb754,362045,local-authority-eng:HYN,16453d07a8bf6da5ee1b20b6c230159e3757c8fa4ecb7d9a3ea94e30a753153b,2021-10-07,
0783e69efd3491cb8d768093c8d137a7d5723eea435ea331b4955cd9f60cdcf1,35221,local-authority-eng:COV,760cd77da1228b356bae11f170f19cd9a82ccf871f109a3121d92270b1384d2e,2021-10-07,
07b613f8d9c39289218d03f46446b14c5b8a560bb875481f64be0d35327ae55a,22074,local-authority-eng:IOW,ab5f9891cd4f8fdb4b5a70b17c6b5134d5a5de750f751f039de1000a2931cb95,2021-10-28,2021-10-28
086e6915b73fd852feb3e41a831dae51aace6331e12b2e8a0de8a8f5958d02cd,25776,local-authority-eng:IOW,0a9a3c4904e8eb53d4e6dc90ab208b93209c930e3a1ef2d3ed9f903c3ef7f482,2021-03-31,2021-04-12
08711612fcde44985ba344127826cadf611dacf65716c3f6ca8b97b8cb8db07e,13767,local-authority-eng:EPS,e08f600e90eb62a72fe50b79d49681b2d64a966df97fc77dc6c20a8a8a09f43e,2021-03-25,
09a29f9bc4cfed659c732f5ce2a7595ac827606a48862f4c8c8897d109be2ef9,1420,local-authority-eng:ADU,675f65fd59ba990515e78f92aaf5394fa9442c2a6af1e4f99882ff953279f474,2021-03-25,
09f6625e30ec4e42badc911c44cd5db4cd5741426e9b69d097235c153f252813,216631,local-authority-eng:ELI,125af0d961aceee7922d0dc24e7c6f1b162dbadc5e61b44b072bc691be1e53aa,2021-10-07,
0b277d6f74c5c4896bee4d151fc2c4f2d4dfa95b05241ecc58bfd2ee74f68960,21472,local-authority-eng:IOW,ab5f9891cd4f8fdb4b5a70b17c6b5134d5a5de750f751f039de1000a2931cb95,2021-09-15,2021-09-27
0bfe12685130544b149303aeb307e387ea7047d0b1c24a7dadeb3043e0a641dc,21619,local-authority-eng:IOW,ab5f9891cd4f8fdb4b5a70b17c6b5134d5a5de750f751f039de1000a2931cb95,2021-09-28,2021-10-04
0cbfbc92a5ab7fd98cd3241c68c687d711ed4ca2fcfeeefc1319060fe550555f,111549,local-authority-eng:GRE,6b9cea4bcff9a976995fdc106aa739166b6ac199859016c2330787307ebcc507,2021-10-07,
0e01a149b4e63e4dc4783940d46223d9cdb9f57d747676df53aba47314bce9d5,15936,local-authority-eng:BNH,39641fc84be2af9dd66b2a92a3a6ea7aaef14056deb3f30bb877609635667303,2021-10-07,
0e3eb04edb0e4d864de1a8979dd9b703a43af5631159e1c3ad4a243e034ab8e8,21220,local-authority-eng:NLN,8e78089325ae9aa83ac898bdac70b13f48c3867b3d310af4a9016b29c70c8c35,2021-03-25,
0e4e4920dae85cfbc313362b9e39b11572f165d113d949ec87d7024a5d60e881,385,local-authority-eng:NEA,bc0800197b172da0af614ad9953ccffd120fd871ce7c3a92bab785f6769ab1dd,2021-03-25,2021-09-07
0fd81d6f28df754333964c21dc122fe8a63ba8291de4cd7e4e37e2f11b8d06f8,10029,local-authority-eng:BOL,2e23473d44aeb29a9fab2502f2da4710fe760574abfefded48f2f211f7e195ee,2021-03-25,
1130856d472532d7d15b2160b8fb84665e0dd8c093f7513044f19f32684c05a3,20135,local-authority-eng:IOW,ab5f9891cd4f8fdb4b5a70b17c6b5134d5a5de750f751f039de1000a2931cb95,2021-08-27,2021-09-06
1185abfc82b22f7964c9db5c45eb0bdc59f880cbf06fe76699ff4f44d413c37e,5416,local-authority-eng:CHT,871a30878a9f39e64c8f27a2d6eb63b1445122df929388235dc6ad773fc87778,2021-03-25,
124d8715c46fedc1e3a1a8774ae06a0c41b7ec5fa68415e192a4827ac79b18d8,28917,local-authority-eng:IOW,0a9a3c4904e8eb53d4e6dc90ab208b93209c930e3a1ef2d3ed9f903c3ef7f482,2021-09-15,2021-09-27
1257f336331ac4e9aaf3006eee2ac9d4693a1f247d11dc8355114c8f5aa2b646,27323,local-authority-eng:IOW,ab5f9891cd4f8fdb4b5a70b17c6b5134d5a5de750f751f039de1000a2931cb95,2021-11-06,
14e55275f45dcff1c60c4f42a6d74aa248b9e2e1be066ab1c95df218f36a4594,1322,local-authority-eng:BAR,228994038252324be6cb3f061b238c5ff4d8d081bd4b956ffb15d1e9c2468486,2021-10-07,
189e044edcb6f3852a3ef4634a61c9b1abb0084882b107aa5164f95acea7ebb6,10893,local-authority-eng:IOW,e6fbd61b44f686dfd55a324b35b494c0e8ecca549356a0bece6c93cc5090f035,2021-09-10,2021-09-14
1a7662f136386bd8b30a7a31e11111559b0cb89a69c0fe5679d5948fb8e9c3c8,13974,local-authority-eng:HRT,96b7450b1f36e003fe640407e12ff8818015401412c3ec0bddcdba7afb369896,2021-03-25,
1ac5852856bd9ed721caba9ed88a27ca6e65776f2ee82b7e717e6d348ad3f9a8,2151,local-authority-eng:CAR,e2f18ac72cee40c063f5be927ec2d11a56215ce5d973a696a83945fe635fae72,2021-10-07,
1c9eee21d3dff247ed441cfa84b62111f2028ab7f3d5766c6d0a9375b9a014a3,1968,local-authority-eng:COL,5906f8cbfcb17520cd635fcb435d640ddb78d0a96580a6926811b597a3bf3a0d,2021-10-07,
1d0ab197bf86b54e1192130e2f5c3122c4f5a12cd046c3a4d3b72af3bec70c99,30826,local-authority-eng:ARU,d98346f518ce95eadb9bdb753e89d45ded8a703556c93cff4ffcbbd4badc05c6,2021-10-07,
209f774f908b74c42902589547e3ee2dfb638702525ad692397ec24c54903463,30607,local-authority-eng:IOW,0a9a3c4904e8eb53d4e6dc90ab208b93209c930e3a1ef2d3ed9f903c3ef7f482,2021-11-03,2021-11-03
2249cfdc7f82639ab82ec43e8602bda1d2c824f7d91a0eb15296ad0b36852d39,3875,local-authority-eng:CHT,e4a3bbbdbc80d48650d16eb4c050c6530228118b0f0da133a3911b0d07795b4a,2021-03-25,
23a6b25c16ca0628675350e6b310d900e1be409aa5547a195309825ec01621f8,20842,local-authority-eng:NTY,058fc1d3ba3aedcb8c9b47648b8458804d51e98aebd6175846b8b40cf5ab900c,2021-03-25,
246652df4c3637f7d3e7b73ee7af6299e6a8c7f3a40ddedd6dd1cac48265f6e0,1958,local-authority-eng:NEA,b3fd56e66f51e1b601085e3db5a6735cde5fe19cb5bfe4ff59937a04b547b764,2021-03-25,2021-09-07
250605b595011587be103925e875accf1b8af5939e4cb4b3891413d05622c74e,4659,local-authority-eng:DOV,bb47d70c6fd3dab53c9ec5890e8eae0209c121e6abb8e90a32ee8712d527d152,2021-10-07,
269fd2ad61475f9f76521ca8cbdd17b7e8f5f38bf96c1af70b13904aff0107ac,19768,local-authority-eng:IOW,ab5f9891cd4f8fdb4b5a70b17c6b5134d5a5de750f751f039de1000a2931cb95,2021-06-05,2021-06-07
2727c4b54b13f8fe52225fc59065aa7f2cefc0b41ccde0f3a4e3474287a54861,1352,local-authority-eng:BAR,a2196591067cd4f8b7162575d13b95ff11acbca335c9d7491ed86fb0f8ed3062,2021-10-07,
27d3a42411f282c21ba40018426ec2e1d809c471929ed312bb9541dce400b6fb,11483,local-authority-eng:IOW,e6fbd61b44f686dfd55a324b35b494c0e8ecca549356a0bece6c93cc5090f035,2021-11-03,2021-11-03
27f42d0aca6b7545814b12d94fddffc99cc326ee48971121ce6386087a6352ed,11722,local-authority-eng:CAR,d9987fbdc0dde5c61144837a2aef68be3979b0f3f5309abda62274e32b40e2e6,2021-10-07,
28b669a8c38424e5d772e18c382c20f64b77b4a5f8ff9374f836173d1b3cb6ab,5228,local-authority-eng:HAO,f55d37c93a250a1e3ca9499b914fb4a29b7a7f43872c4628fc8c25c5f5e704d0,2021-10-07,
2a0d245b5bdf9a95665cafe11e0823698ca2edc099d2d8a1ecabf465269e38c2,463,government-organisation:D4,607eb93bad47b5d4ea3364ec0fe4c4ce09d9e83674cceb559ccd0faf40c935db,2021-03-25,
2a267c32d0febdf7a8f7a4cb6d6f12f0c1f4e38270c78d0a71dfa3eac699c7ee,18428,local-authority-eng:IOW,ab5f9891cd4f8fdb4b5a70b17c6b5134d5a5de750f751f039de1000a2931cb95,2021-03-25,2021-03-29
2badacd06dc5b0fa7513490aca85a2b61d4063bee6ff58ee41103eaafefb888f,21306,local-authority-eng:IOW,ab5f9891cd4f8fdb4b5a70b17c6b5134d5a5de750f751f039de1000a2931cb95,2021-09-10,2021-09-14
2c0e87f1e39d1a8f5622e82027787b4feef9eb5dd8dcbc11612b2f1bc3f5cd41,19446,local-authority-eng:ECA,ccd3286f9d71590e3bd1ea48d23f63a1be7b7377eea827cad99c20cdddaab208,2021-10-07,
31e233319b082fed11b3e2336c51d757a8a121ac7c6caf8a97f3cbe8ee411a76,2652,local-authority-eng:SNR,f6f0f76c3e0c963b8899b552fae0ec4ee8c1c8119210faa10f238dc2bbdf08b9,2021-03-25,
31eb30bb056fb57a7f92c328cb0e2103cc874ad31d0d574a315c71004d72387f,18139,local-authority-eng:ARU,de12f3cf35c3e701d96ec31603342aa84440c80e7b93cb6c5de6be66d619b486,2021-10-07,
32e468e1040d5f67eeddd9e303661546c39dc2d314c92dc4037c450b41719416,10200,local-authority-eng:IOW,e6fbd61b44f686dfd55a324b35b494c0e8ecca549356a0bece6c93cc5090f035,2021-09-09,2021-09-09
330d215fb05084979195d7469c287d7a7f33b1c3fc0e4d85a92bf6a67b9ae13d,13039,local-authority-eng:BRE,a2258fc1866fcd06593a5b0f7460b579031d4329c5adbd834ef927a6510780d2,2021-10-07,
352716a0b6c58e5ed33dd41dd1b452aaa150bcc97f37ccd820b023c84086642f,25144,local-authority-eng:ECA,4c281a9099a1fed67b086f61114806422efaa594db731f56b9110510da43efa8,2021-10-07,
3627eee409268e96dde71b17a368f269f6d15b837d5d487febe86716c5cde210,8173,local-authority-eng:SLA,74e6ad20eeb23e7d21a942fcad5316e140e050f36da8247778de46f9f576b6b7,2021-03-25,
36540feff4c59ad24ffd6db3fab0d6459bdd793811cb904d8d09e4dd9b8a3e38,819,local-authority-eng:HAT,6c00e9469c095af9184485efb79b205142f422365c2fefaaf8ce52a0d463a960,2021-10-07,
36871c813f0d6f535d1ef2eaef23f024a46cc674afd0cb8641cb978c765b6aee,6575,local-authority-eng:COL,b566bc89c1b24ca2388bf21baa83f6e9b14b871847fa67eb9b07c17d5598e267,2021-10-07,
3774a32b87e3c475ad3ca6d7bea7041d31e9ac8a3cb209b46a623bee44f88330,26444,local-authority-eng:IOW,0a9a3c4904e8eb53d4e6dc90ab208b93209c930e3a1ef2d3ed9f903c3ef7f482,2021-06-04,2021-06-04
38ccf2fb3a861b32780e0e96c5ff7c9de2953111b4c40b238462c1846677f957,19986,local-authority-eng:IOW,ab5f9891cd4f8fdb4b5a70b17c6b5134d5a5de750f751f039de1000a2931cb95,2021-07-02,2021-07-30
38e6a26440fef26829f2264400593e269c942e99b85660604214a06925cb0bea,18009,local-authority-eng:ASH,616902e1261ef646b23e8b4dd8e82bbc853489c90e575a9a096161c2d163a2dc,2021-10-07,
39993d6037d10b5798f09cd74eed58ca6536808bab6c398748928bd876e26a54,492,local-authority-eng:WDE,455a640f3c8e3f305cf00b4d8c7d89d87e7878badee030c3d96fe2771a1c777b,2021-03-25,
3a60c2546d08242f531946e2001f0b654354131e67b09cdad871b66b71ef6847,3246,local-authority-eng:SLF,9433a80b62706e6d39bb1145f9452dc818594dcd061948dd7437b07d7ad7fe37,2021-03-25,
3b2b2840f5d22b045794f23e9b9c4bda1571217fb5aad71e22a4f44a0ff2d20b,2684,local-authority-eng:EPS,0f37f19b0d3d5eb42ddb18862639cf23cf1456963ab264a37710b8ebb0c8526e,2021-03-25,
3dd78aece53575e9b9a32af7e4288714742f90740239ec9f85ed7431a04934fc,11406,local-authority-eng:IOW,e6fbd61b44f686dfd55a324b35b494c0e8ecca549356a0bece6c93cc5090f035,2021-10-28,2021-11-02
3eeb367706ed642d8ee96b78eb41b199625e81ba5fbd4df96ffe5c9928964d4b,2464,local-authority-eng:CMA,67f61203894882a61ed0df22dc6bb5867051d82111b3cd2f907d7f702cbdf0fe,2021-03-25,
3fc436295a784e54e9fe3e1c3170be62a7536af431d41becd8c225f979815ebc,125824,local-authority-eng:NFK,ea080017f5b7e966e610a093053208abc19117506eca678fd3532938502e519d,2021-11-10,2021-11-10
4040b7684b6073a8f5d209f62b20af04fba7e19f6e35002debd1bf148c25a87e,41424,local-authority-eng:WIL,914e84dd87312abf478d67da171e8dc5c8e6946ce7ad0d32737dab75f5530698,2021-03-25,
40641c8c87cf5b62ad9baffb0bdcdbfc66639a893fde0dcfdfd73cb51ed1c89b,9172,national-park-authority:Q72617158,6f317f7a4ab4c81d06eaa7e6b8551f8d0ad08a8385bea5a86f03475caa0b9fc3,2021-03-25,
42ec52f5637faec22f805805d3e7a8acd735cb1130a50ba953b6ac19d383dae3,3761,local-authority-eng:COL,1763583d093f221e072cfc1c3f6758b02f0ac636c58f23686c02533a49d7f689,2021-10-07,
4579e644c2aae3f294119f87085abdf28d64749d8c56c08fc824497ade34f74d,6334,local-authority-eng:NFK,ea080017f5b7e966e610a093053208abc19117506eca678fd3532938502e519d,2021-03-25,2021-11-09
4625debf30f73d5156252ce9f03a89ea60296c2578e910074aa62e26fa09057c,1462,local-authority-eng:GOS,afa0b3273bbb7e19c233af9c5dd16bbcbf4091ba69e1909e5a840e3586668f0b,2021-03-25,
47954de78d3db7e1e42d25de880fd8bff8f74cb343d34c9d341f5736ff7a265c,26968,local-authority-eng:IOW,0a9a3c4904e8eb53d4e6dc90ab208b93209c930e3a1ef2d3ed9f903c3ef7f482,2021-07-02,2021-08-26
47e2252dfb25627a65206330ec2454d9e5673150ef414f0e3b0c54eb123ebce7,6554,local-authority-eng:EST,9809aa11e4f0536e21649e94552180ed717befe3b712649f2275528970f3a8d9,2021-03-25,
4823ffb5f794d9a6d7cd6399dbff954ff019c36934416611b32e9953b580b2f4,36801,local-authority-eng:IOW,0a9a3c4904e8eb53d4e6dc90ab208b93209c930e3a1ef2d3ed9f903c3ef7f482,2021-11-05,2021-11-05
48fb3137be30ce173c3869f9f0278ae5a29d1b72266ce035f4e80e4739d0131a,2854,local-authority-eng:CMA,d4a0f3d0aca376b252ee34333f42c335a97c158c79278ecceb82a7da1b21979d,2021-03-25,
4bf57dfa05153cc923259aa0232d840e0be4a632e62e44159141d2c4eb74716c,8197,local-authority-eng:BNH,9aa993d3ccbb00c38e414b7a59ce1fc21b402633b0f6165d43fc5ff577a9f566,2021-10-07,
4d2237137e62a6b2d6ec482fd0b9d1374ce097d66d379973b90dfb4ec86e6526,3190,local-authority-eng:BRE,608444a9a40478c864116ba85a3aad0329c8dd5ab571860b39ca1d734e761405,2021-10-07,
4df67ee29395ec1d8c5e5cbf1fef94636010668ecab77fdfa2b809188454a9a2,9291,local-authority-eng:NLN,98ba431e657f89a7ab7d4994348e09c9d4b55619ab7c9525fd6f7e13c3d915ca,2021-03-25,
4e60d5008a126c456e059098ef9b83a6dc447e6e544131579421bc4922bcf74c,4794,local-authority-eng:HAO,434b8cecebe34de6e1de501dce132392e1f68bb744f94db5795459411adad0ca,2021-10-07,
50ce3623172e4c8b8a900426d17614f9e7010145cb140c7a699b9fdd11a9cdd5,2279,government-organisation:D4,05762a3af6634daaa28f3f0c1480b40db9d965c5b798361602ee9b86d4a84490,2021-03-25,
5271fcd3ee120860e43f9384540f0b571450a9a309312b6e2e94931757a3bb6f,44181,local-authority-eng:WIL,ce072807557931174a3d22121fd8ac962008181474e5e98d67ac015c624d74ae,2021-03-25,
5511d62e32ffa237fb161d4b3cfce14e78a2bd8dddb3349f03b3399683dda1da,963,local-authority-eng:EST,5a43596efd483ce830f6e8fc9b40645f7e3829b8c829ea5d4d4bf96a4bb73088,2021-03-25,
559bb03b6dd944251f80beca84343e5a78453745d860cb21b239eea57626f7b9,6738,local-authority-eng:WOT,81ef832cefb3916bd499780103bea2953b1575b6949a8b6488b59c8fa3b00002,2021-03-25,
568055014aea1d434219477ff75011e46f044d862f9a88b2cd1b3e88b42bd045,37305,local-authority-eng:IOW,0a9a3c4904e8eb53d4e6dc90ab208b93209c930e3a1ef2d3ed9f903c3ef7f482,2021-11-06,
577442378c8584fb1edfa7f7df920f4266ea3376c53bb19044dcc660b5e3b5c5,36576,local-authority-eng:NFK,b7190aaa2bddedffb3c5458ec7c2ea3809f8ee71cd670f2fbb2b4951fd74f17b,2021-11-10,2021-11-10
5e2052d196ae7f56a4bc691f63a64aad10ed6cd49e27a0d14921de30ded8f306,2840,local-authority-eng:ERE,e38bfe46143d42ec996fbe99add19c7ed136f2dee12c192edbc85b2211f8ce73,2021-03-25,
5fd2b77e16177ff2b876817e20127f2ce013ffad9150f1ff3a9b7a4d50bec5b0,11561,local-authority-eng:IOW,e6fbd61b44f686dfd55a324b35b494c0e8ecca549356a0bece6c93cc5090f035,2021-11-04,2021-11-04
61915bf3624776697231d10fc0fa1221339662418ada2fdbefdec9fd552194f7,14339,local-authority-eng:EHE,fa1741152bf57edffcec7fe60c60be95450df6d95cfc71696609617e2015a18b,2021-03-25,
62f43574b48e78ff78da7593ae85cfbf83ab2d6aa911c31dc3449a939ebd57d7,11253,local-authority-eng:IOW,e6fbd61b44f686dfd55a324b35b494c0e8ecca549356a0bece6c93cc5090f035,2021-09-15,2021-10-04
66d6188e12065bed9a7a92e012695ab272e73418c59554becbbf540b83f900cb,59792,local-authority-eng:GRE,61d370acac59f728cd676b8464fb8e272660a5b4ab93ba9ca44b5d22ca7ceceb,2021-10-07,
6810eaab2a893bd470268834c8457a2969fefb36fc3fa66ee0fb25e18677dc9d,8314,national-park-authority:Q72617158,fac58beef7997f7697044f4ad77e922092c43182bb6fe746631785e760d452cd,2021-03-25,
6875e66232fddb37aac46350f297d36d44dca546a4744199daa002932afa08b0,761,local-authority-eng:SHA,5bd3fe053af0d46c804498e2938e16786d65935044797ce394a03aa93bc3188f,2021-03-25,
689e20bda804710b79c3f87ebb5030284fcc966e454abaf70c962f63567462c7,2204,local-authority-eng:ASF,9f126e947aeb273137f5e9efc0186a213f68d526fccf5d9b7d36fb2da52074d3,2021-10-07,
6bb3c77a4730adae3508a934118c75e698f47c2988498ffd2bc573e41b55c27c,4965,local-authority-eng:AMB,0f58cc93427544f40cfc63b29809bed23c6485923e095d2c53bb0ee3008d309e,2021-03-25,
6bd423eff65a25dcc95c4f5c178e74ddbe9b3d8124bf62d8a0312463cb204ca0,26800,local-authority-eng:IOW,0a9a3c4904e8eb53d4e6dc90ab208b93209c930e3a1ef2d3ed9f903c3ef7f482,2021-06-08,2021-07-01
6d4aac412849618d6a4df09ddeaeee9dc3a72411b67e962e074c0375477b7fee,1089,local-authority-eng:SHA,aa707a5e8feb8d6a63b068c0559d5aaff41af51a39707b9beb0c0792fe48c1fd,2021-03-25,
72f558e37c1d6c89106323886ed354498545abcf50f3f4fa34d622f7174ebab9,4936,local-authority-eng:HAL,b4a9ea1d51cabb43df3b2597cf9b403e66a7711a69743420c1c75c0302b72007,2021-03-26,2021-10-27
76d0e6075fe969c713dfd8965d444fab416e378c79c5ea068ff6446a945f024c,1278,local-authority-eng:ALL,3458b4bb85f3e83c84354f17ee37e59c034d06e0b0367c483ffd43bb77eb5370,2021-10-07,
7755985fe27da15dcad47c1ed32bf86f3a5452e20b6b3f9b155610bc90cac880,8411,local-authority-eng:BOL,605168f4c230cf457c55a953540aab1e4537bbcd1b97094f811ce345a5479807,2021-03-25,
78356bc2412d0ebeba21c39e787c6d99ad7ba11ac87e6c6dee51ca55bbab73ab,16875,local-authority-eng:NFK,b7190aaa2bddedffb3c5458ec7c2ea3809f8ee71cd670f2fbb2b4951fd74f17b,2021-11-11,
78be05bd4990355d35a4f9bcb0c06300b6c2754923749f65120fa9ad45aaf26b,375,government-organisation:D4,70d55954062f43e5c3b725f3e67f97d72b9c61e3cec53e80b54f522f7ccc8d75,2021-03-25,2021-10-11
7937d4461ac9ee183946138b93d67868edbc39ddd5f589eac8c4f6cdde08e9e4,492,local-authority-eng:WDE,697dbfe28573767f45aeb099d7babe91561e95353609c8a18ab855fbd0dc96f5,2021-03-25,
793808b6f468304807ee92e8d3b6f568cd97ff8e13550fc53f10a222731f10b1,5092,local-authority-eng:AMB,04cf69f42d47bce5a9756d6df0ff91a2a692f6eb54fb4da42c46df6ae6574b91,2021-03-25,
7e100de0168bb8ac2ed516131adfa0944ac01610c67de06a1cbfb48ea023e55a,19628,local-authority-eng:IOW,ab5f9891cd4f8fdb4b5a70b17c6b5134d5a5de750f751f039de1000a2931cb95,2021-06-04,2021-06-04
7eb2986bedd11e2b6d4985c25ed8f9528bd02ba431124cc6a69bf003bf0714a4,389,national-park-authority:Q4972284,9cf25b31ee020112f85ff40c12b03e96e0cdac1ca8976dfd1da92ccd7d9dd8eb,2021-03-25,
80159ad9f5769c83636e9230fc27a4202f9049d69c8cdc11940dc289c5e0d62c,17422,local-authority-eng:NFK,b7190aaa2bddedffb3c5458ec7c2ea3809f8ee71cd670f2fbb2b4951fd74f17b,2021-03-25,2021-11-09
833a36ef4b2f94115231178d8327dfd3530d86c50b3d2966294ed01491c3f5f7,10128,local-authority-eng:NFK,6be19907e749ccaecea92d9a0819172bc0892b60d8ff2eedfa7adeb70486172e,2021-11-11,
83742383e1796e092422bc58706d210f9b079956ac57c9c845614af5b322da30,1205,local-authority-eng:GLO,266f6a4303ca00862996537c60e84e91f85928a1dd5be53a17e20c369da37303,2021-03-25,
840b063842130c7ecc809cded374be381ca161fc15810592fec75eb2c2be8929,17263,local-authority-eng:BRE,5f4b90ba4609f153f767689fc24f0434237a38288812b6729553e71c4904494c,2021-10-07,
8425926ad5398d76fb1faf382e72c5ecb7cc41a12e3ab7c11460a8aa2411acdc,18957,local-authority-eng:IOW,ab5f9891cd4f8fdb4b5a70b17c6b5134d5a5de750f751f039de1000a2931cb95,2021-03-31,2021-04-12
8633d3fb888237fb0da41e8f286b377304c3ff4e4d481e0d025c2c3aefc86587,62350,local-authority-eng:SND,5f8ae77da86881228426a3a7d1fbc17839d53892344e0aea372c4dfe95733e8a,2021-03-25,
8a7ca8f075dcf1fbe623ce58c3b71e806611e4fb623b95e7b44f8f5a8c4856e3,375,government-organisation:D4,70d55954062f43e5c3b725f3e67f97d72b9c61e3cec53e80b54f522f7ccc8d75,2021-10-12,
8b2cb58de59a53dc9414f2528dbe1dfb757a39163b98baf56fbc8b3a2ff0ce0a,232908,local-authority-eng:ELI,6389f5d120b0c0b42a88385e6c9092ba08fdaa4d9d74cae5a8fd0fb216a4d4e9,2021-10-07,
8c2cfe5ae208afa9d3c2341016cd5bb6531744350b824f1451fbb5a5b43e24e5,81388,local-authority-eng:HRT,5207f064cc5bee9d321ee25f4eca2cfd18a26ec6ec57895bb37cf389b4d2ce7d,2021-03-25,
8e2b008209b7407f229cde66e1fefed691a1f16b4ce58a271fa35b9b2dfa9bf1,26276,local-authority-eng:IOW,0a9a3c4904e8eb53d4e6dc90ab208b93209c930e3a1ef2d3ed9f903c3ef7f482,2021-05-14,2021-06-03
8e763b1d86d8220c90959f43385fb89c0d66116eb817d8ea41ec4e8a01ad4211,529,local-authority-eng:GAT,cd53aa90239d7fab29538bd27572a14ef5d617b08f5eb02f5bd4d07c787baa5b,2021-03-25,
8f1c88fc2e4c76d8de2f56a7f403b9e40ba3e6b800cdd9b669fa699478b9b2fa,25940,local-authority-eng:IOW,0a9a3c4904e8eb53d4e6dc90ab208b93209c930e3a1ef2d3ed9f903c3ef7f482,2021-04-13,2021-05-13
8f9747e53a2edbc5da5ecd95b90dca06a644a72ea346d12cc690057e79e1caac,4158,local-authority-eng:BRX,9afe15840237f1b985ff722088913e650834d2827f6b0119422f0242da53be5f,2021-03-25,
8fa815c92ca3304726087530798ac114f180a30c7dd430035ebecd0dd53dbd0e,9309,local-authority-eng:ASH,7d507e215478b2d437bc75e42b8339711785c7ce49542323df5fbe0967289a2f,2021-10-07,
8ff04e93fa2488751faf4323846b1ec6138f543388301a0094297759fea7c8d2,10492,local-authority-eng:HAL,ff05401217ed0922dd380be2be60d1a8c22347f5e6a29ffc569998c4df5a99d3,2021-03-26,2021-10-27
91bb287d63bb37ae06164d96799a9a78134f528adfc6ba5081c344c53eb527ed,9438,local-authority-eng:IOW,e6fbd61b44f686dfd55a324b35b494c0e8ecca549356a0bece6c93cc5090f035,2021-04-13,2021-04-20
91c3e0c774c019978a4e3ce28b7d65ebc4eb17d5103e4db8792ec0ff27d3be1b,32526,local-authority-eng:IOW,0a9a3c4904e8eb53d4e6dc90ab208b93209c930e3a1ef2d3ed9f903c3ef7f482,2021-11-04,2021-11-04
935583b64cfbe7afded7d700d16afdc2257ba8335806a481e9968ea5a2062f26,593,local-authority-eng:GAT,ac85cd6749b8dec9b8be4ec6cf88ae721abeea9089c0f72fb50f8809dfc80050,2021-03-25,
9372ae0efa4d21453fc6511d4de5b5c577fdff955804ace02bc1d6ecbb9cd110,28832,local-authority-eng:IOW,0a9a3c4904e8eb53d4e6dc90ab208b93209c930e3a1ef2d3ed9f903c3ef7f482,2021-09-10,2021-09-14
937e118d13655fc9c1c8dea2f307e9bdf6cd8f88e0793151f815b1c32e4ec826,3532,local-authority-eng:BRA,9e811475516670a7f1da1c46472219a07e6ef387d183d49d52bbb43fcc0b2811,2021-03-25,
940fa240d3d412ef8aae79a3aeffdb5613b63688b809b8571ccc4038d8ac73db,6849,local-authority-eng:ASF,835d36edfede2177d2e17ca88781d525a786418f63ee0490ca595668417ce832,2021-10-07,
9489fc92f9f0677a101cf9b08306245915c0beb2cebb90f3349a809c6f3435bb,22215,local-authority-eng:IOW,ab5f9891cd4f8fdb4b5a70b17c6b5134d5a5de750f751f039de1000a2931cb95,2021-10-29,2021-11-02
94926165e72223677e23186759d278b629615bfd8db0d9e65f3aeeea2b5766fd,25519,local-authority-eng:NTY,d0574d7dbacb8f5e91be8f7185f815a10b6d55f02491282b95784969ace63330,2021-03-25,
954f1388c7fc19d02fbad76bb98a7e9c57379b95c0b3bdf4e0cf854129cf839f,11866,national-park-authority:Q72617158,705d90de8c2841af9a725e0e4c0d39166d169e45497d895e04293821d07b2bc1,2021-03-25,
969c98b4e9472b0e945e96b62d03b1e99d137b57840140b1a745fbf9a8b74647,12947,local-authority-eng:ISL,b5e608b9364ce909230c24e4a3230c04bb0fb094a07c4879fcfd9c38a6a05e60,2021-03-25,
985b0cf53b7e9ac7cba0a3df1cccb0d51218cb4c74d859059bc4bcdf9dab6b47,4367,local-authority-eng:SLA,ee9944f8f80e2eb0bc662cdabd825e4e4db64a5416112c6e442f23f12263b341,2021-03-25,
9a85055294c6d5217adf020b1d07ae91d7fe0e121f2bd95e090b91684d93a7c0,3098,local-authority-eng:AMB,2949face1bcd597baade64dbc4dcda33805a4ea2b8b89105d298013932f2be3d,2021-03-25,
9b68d20610d3c78c6ea78eb5f0b5b190e603df4f9b9c332f0afb64299916329f,2140,local-authority-eng:BLA,b2bb9cd93a9e06a84136f30869a9bd4d30f0ad46c04db83e1f9879cea4361f45,2021-10-07,
9c381ee776e3e3a05247f53fd97cb4effc7bb09740775114f6135a661d2b7c53,19838,local-authority-eng:IOW,ab5f9891cd4f8fdb4b5a70b17c6b5134d5a5de750f751f039de1000a2931cb95,2021-06-08,2021-07-01
9c52d83ae462099106b3bb299719436ffea30556c16ca190897196a2b5c9fdee,18563,local-authority-eng:TON,1e35b6daadcfaf1a2a40d68b19c18ba92c8ced6ad0e9bdfb3c378fc1c156b9f2,2021-04-09,2021-07-13
9c54ce45124afc605e2e4d782f2a0efb33a5f6fb74184a3382ef02ee6919cb37,9744,local-authority-eng:IOW,e6fbd61b44f686dfd55a324b35b494c0e8ecca549356a0bece6c93cc5090f035,2021-05-14,2021-07-27
9dff86d3399b09c76da7353d65d52539fd8fcb25c934a815b5d13326c1a7141a,6217,local-authority-eng:NEA,80ba52142432123215915ed80bbee5b568de768a92ef8f7b97fe872a57fa6c5f,2021-03-25,2021-09-07
9fdab27cb4f89647e2089f4c2d27b75f8f53d88b180d9da964f1ea7c1c92db7d,27361,local-authority-eng:WIL,44a3e67ee571b72e6ce04abdd865301d823a189bc28180fc3ed32e2918558dfb,2021-03-25,
a0715950d85e5716b99c883074fb5944068656f036691a8fbcc1e5ba069184b5,939,local-authority-eng:BOT,b4b23d8c1e653a4e20c50641461b6553eac09f6087a13256547dee0f18ae7915,2021-03-25,
a2fa62f0aa7f2a1ad3801ae465e433084e123920163a446eb19e3380c4052841,12759,local-authority-eng:CHA,9926ea3636ef34f766224941b63f631c1b69650a90c74168770317910c128564,2021-03-25,
a4158b07dda1a153d640c7ad7d8e6ac95178985e7bf6d96fc31468071c9b159a,33881,local-authority-eng:ISL,9c3bc807103396ac8676859a0ef89768e8f67ee4a677da0693333571e1c50f4c,2021-03-25,
a46917222774dece27bf9999f2071ecbc613561f57ddb8cded7909e908a81929,23757,local-authority-eng:BOL,091d167efbcfaf8dac1461915dafc485344fa67890db984f63e9d70cdc49a71e,2021-03-25,
a475b18d7eddcb7c3d88b8671ab193c34df929f131d646a5357e6472ec885b39,16821,local-authority-eng:CHA,6c56f27c240da02d6bf0449bbd4c8f71163fe60be0ebacefbd2e5480a899aa48,2021-03-25,
a53905296c09687d6109b8cd24c4683f1becd592f98a1d3b74ae18cad5bdaff2,2079,local-authority-eng:SNR,450f93f25887ed07df4f266fd5c6c4c910d84ff6a0d37e71aa7edfe297c4dffe,2021-03-25,
a9c21d2b0146547af2590415c9dd9ba8671786ca77f1d65af534b12904585383,39576,local-authority-eng:GRE,8fe2f3be2288f895705e261cb2617b16b2a91c03685762d7ef0d1a338220e1e7,2021-10-07,
aa9395550c990f0b5cbab1d56cd74c505d81b678995499b3961b73aa7f4d1204,26711,local-authority-eng:IOW,0a9a3c4904e8eb53d4e6dc90ab208b93209c930e3a1ef2d3ed9f903c3ef7f482,2021-06-05,2021-06-07
ae62d0de596da665b321c0d554ab85adca2db7e7cc02d18701ff3ecde1e867ca,594,local-authority-eng:BAR,91a43485193f803b437d46cbce11393e0b3c9996180656396fdaa43a185323a7,2021-10-07,
af35fbcdfdbb60d338503726c3bfd0881679cf5f5fdac32faae2d81678b14a00,2038,local-authority-eng:ALL,710f2cbbeb88b701defd2a2570b9b269f9dc14bbb01f3360369ceef8fdcd0b3a,2021-10-07,
afcc9a4d4c494c1298af72f4e422bfe1d973bcbbafa91ac69e93d3abb2b06a6c,10173,local-authority-eng:CMA,2150658d50678c26993baec2c52da50325463e9bca3a35fc5b4bccd6fccd5e51,2021-03-25,
b1c4e73cf6fe293ca241be9d1bb0d02437a796e950b1891eec13fb6cca937fc3,20212,local-authority-eng:IOW,ab5f9891cd4f8fdb4b5a70b17c6b5134d5a5de750f751f039de1000a2931cb95,2021-09-07,2021-09-08
b23b22a539c76b8a3f5c3fd721cb1b79a50988e78c26140c914c2450ea4b52f7,7494,local-authority-eng:SNR,24c6e58b61392f3f73ab40498c77aa0c07d79944d3289a21f8ada26b7bc08dd7,2021-03-25,
b72ae6f4449d6d7bcd79d0e938d1600a5b53b8a1414971070d494072eba46824,20283,local-authority-eng:IOW,ab5f9891cd4f8fdb4b5a70b17c6b5134d5a5de750f751f039de1000a2931cb95,2021-09-09,2021-09-09
b7ded02f8c74e329c9e349963b45dcdf864ff218b7836472d80ce5bb85b88f4c,6390,local-authority-eng:HAL,92c6e28bf2b1867dbffcfbf86ed9b47d1a179b85673059b9187d9344ef7ea55d,2021-03-25,2021-10-27
b8615b9e2e5e32c7c8116daccfd37f96f8bccc7e2a46c78e87f61f76f2c738f7,16684,local-authority-eng:EHE,b89a7ccd1ff32160402323509b8425bb61728a115ebe14ba80ac08e8b16e43f5,2021-03-25,
baa91e50a72bfd712156c97606fe56b0609940627b9d579005ec3c83429a0190,11331,local-authority-eng:IOW,e6fbd61b44f686dfd55a324b35b494c0e8ecca549356a0bece6c93cc5090f035,2021-10-05,2021-10-27
bafb0a5bf75d8fc7257c8014121791f7c938e97c8b140ab0da4186581ac2b063,1148,local-authority-eng:GLO,9f4b02fe50875efa7ed82f5205a36b98b81d66310d5ffb3987f64fe6155ed83b,2021-03-25,
bb7ef28cde4733970cacc1e5a61a65fbcbac7d4a8281ec7acbc38e71438896f4,21920,local-authority-eng:IOW,ab5f9891cd4f8fdb4b5a70b17c6b5134d5a5de750f751f039de1000a2931cb95,2021-10-05,2021-10-27
bba155bb30459d24e54c8f43baa4637ec97714794043bed3c59fdcaf002b7718,17262,local-authority-eng:CHA,0f6f5ae1fa5632f2b8cc08891bb3157541117ab29bdb64f55363008a734772f7,2021-03-25,
bbf5d1139f1c613cbf2cd053e61fb8cac842c56bab0d8649bc630fe902a4e06a,19480,local-authority-eng:IOW,ab5f9891cd4f8fdb4b5a70b17c6b5134d5a5de750f751f039de1000a2931cb95,2021-05-14,2021-06-03
bd25101f5b8922a2efe7cf3a8e7591c4f29c13620f39fac476e9248ae39322e4,15781,local-authority-eng:NEA,6a20f4b320841918355187b741c32b8985da74151719365d784f843e5f9205a4,2021-03-25,2021-09-07
bdef689b00c13697ffaa3dfb4ad5526f812deef01bf03de9622973255950a859,20033,local-authority-eng:ASH,1c20072678e3331367f5539bf11aacbeb72d381833726c41795105fe1eb627cf,2021-10-07,
be0a350a1395da4623cce88d31a6d3d385c97f3f16ad927dd34ca2c0e4f8596e,21604,national-park-authority:Q20198711,ddc8cf61d30cf1c2ee7c43b458d93ad4a4d3c7a931b7e5a12144de334363873d,2021-10-07,
bef4539d820f12e8cb07ca625d5dfe0ab293067ac530e1896cce05cb2ec53f23,10048,local-authority-eng:IOW,e6fbd61b44f686dfd55a324b35b494c0e8ecca549356a0bece6c93cc5090f035,2021-07-31,2021-08-02
bfec37bfb2328a278ffb49cf0c1fcb96d058d7cb0943449a556c12900e0ae6fa,7996,local-authority-eng:BRA,16af08c6b63f522fe12ee84045b3a55a13a8de4d0ae89505bae175dd3fbb931e,2021-03-25,
c00186b3bc331dcfdaea2fcae30f437f7cab5bc1de08aa1c95d4ec8b7ee87621,13173,local-authority-eng:ERY,dada07835331757552efca96881859b4c5159c89fe44837b6185da761d80e54f,2021-03-25,
c1c63365ed251df7bfe6757e901db5f9d0048c20d555eb72f6db4a779f3a1245,9591,local-authority-eng:IOW,e6fbd61b44f686dfd55a324b35b494c0e8ecca549356a0bece6c93cc5090f035,2021-04-27,2021-05-13
c268154f7c5fd0d4158bfd35de69711d257e348414cbf2c0ef88102596ec38ec,4867,local-authority-eng:CAR,c5401ba0e9229a1c91e81ca4c0112baf9e6008371442b1d3731be26dd33cc8fd,2021-10-07,
c2b0b13e441a27f3e841349cede5bd015a034a95f26ecf23ced0c41df93ccd73,6938,local-authority-eng:SLA,b16799e75361adc05a0b40f03e449374fea1c5532ec2d048aad99b33e26a6e34,2021-03-25,
c33a6f502c0c6594c3cbb6f12e5b25ae83a673eb63138b6a9bc70972f7b0d1ff,13670,local-authority-eng:EPS,7c9c8cbf1a347131b1da952f2546b8e368c733b895d44ef27ec3df39cc8b3b22,2021-03-25,
c65f1d604bb44e3399976fce280d36fa4aabe9adcf6ee76f731493800afb203f,27472,local-authority-eng:IOW,0a9a3c4904e8eb53d4e6dc90ab208b93209c930e3a1ef2d3ed9f903c3ef7f482,2021-09-09,2021-09-09
c7410b4b29cf93d8cf44fc553e0e162c5af6afc2610cac9f5633bd7a755012b2,11131,local-authority-eng:BLA,6c52860e30238ee715a9fb961b289826a1bd43d3e8c6b9e5a09ec0e79bf6c073,2021-10-07,
c8a9511d7358b05e4c9403ad56cd99a1f39eb0a86372b3b1d16f727cf8b6a283,27136,local-authority-eng:IOW,0a9a3c4904e8eb53d4e6dc90ab208b93209c930e3a1ef2d3ed9f903c3ef7f482,2021-08-27,2021-09-06
cb0e27af25c0bd56fd00ba2b241c16500b1c0fe9a3b4abf4c3c5845c7fc90047,36110,local-authority-eng:NTY,1b78db1c1f91b863efc393197395697a831ae6fe7c3e0050a004e12e38d57fcc,2021-03-25,
cc479bc1cbdc78292a07738c3182f29bd904329cf949d8dfe1077cd7f3ce942b,18810,local-authority-eng:IOW,ab5f9891cd4f8fdb4b5a70b17c6b5134d5a5de750f751f039de1000a2931cb95,2021-03-30,2021-03-30
ccf1710214131d07fdbcbda95b640a80578f09377f39f78959938cd8b2ac4ad6,21511,local-authority-eng:SND,7892a892e59ddef72c0a9e19d8262cafb5333486c1298426e06e0d61416681d2,2021-03-25,
cd862e185b228e1d1dc1e59da83dd11e27604e1dc39aeabcf8aafe5f932dbf4d,993,local-authority-eng:ADU,bec467da0d8851388b931dae57ffa5e79653f3e271981c08e8c1a5c0e7b1140b,2021-03-25,
cf068502061c89c646ed3004e49c0fd376d64668d8c1118baac91989d1f5f31a,444,local-authority-eng:TON,47961cafc138efc49d6c7ec3838a34056442e1c5b525a534cc0ff780f47b083f,2021-04-09,2021-07-13
cf1f853830b21a41c0368f485ed9cc6a53fb3ffa9423562682e758da9b6aad95,35366,local-authority-eng:ISL,4f3c11066adc16e06dac6a11d5d70e2c582cec8c46c4add8d6386070e4a3afa7,2021-03-25,
d0a847d2180b3a3ff78b1636a184cd8cad1cf4088f591cde8faf4496ecea853f,25351,local-authority-eng:IOW,0a9a3c4904e8eb53d4e6dc90ab208b93209c930e3a1ef2d3ed9f903c3ef7f482,2021-03-25,2021-03-29
d122952b0db54197ef4ea5bc5db9f2b996cd15adf4518ed55da03b62e49983cb,5943,local-authority-eng:ERE,e771020a1b6988d816e809cee11bc8a8bc46a31d7c74640340f67d64d4dc7d40,2021-03-25,
d2278626ea7d643cb19f37ca81e5f01e02fb2a2d61f26ad5931e6f983ba203a9,3409,local-authority-eng:GOS,b95d4641513f0b999d42de4eeefce08fcbe7d0ddc4d5970c7a9e8aa330ecf15a,2021-03-25,
d25ecb7be9f7811824de9567987a24ec4e9035f4af2043b88335b28a1998444c,19987,local-authority-eng:IOW,ab5f9891cd4f8fdb4b5a70b17c6b5134d5a5de750f751f039de1000a2931cb95,2021-07-31,2021-08-26
d2875a91f628c3a081595c1a798a1ccae06dbefe03d168da3a892d6c16c6cf3a,950,local-authority-eng:BOT,cbbd6e49bad34c453957aa803a235eb657a79397b0845aa7b383ea4ac2fbf092,2021-03-25,
d2d083cf98680bb4197bcfe809b54445ee755052ccde8b8b69797a422f345545,29006,local-authority-eng:IOW,0a9a3c4904e8eb53d4e6dc90ab208b93209c930e3a1ef2d3ed9f903c3ef7f482,2021-09-28,2021-10-04
d44beb443176b2c45877ad8b80a1f5ae712fba4b530dcbdf5f8bfa25e33a6878,6366,local-authority-eng:DOV,94ffaa7ca746ca4922da6ce1ff5ae1cdd5a783614e1e3d9f4a061fd094d6433e,2021-10-07,
d52797a161fe2c232339532d8769dc202d3162bb05af1acc75c07537fd99730d,25608,local-authority-eng:IOW,0a9a3c4904e8eb53d4e6dc90ab208b93209c930e3a1ef2d3ed9f903c3ef7f482,2021-03-30,2021-03-30
d57ec597a6599c35a7bd8cd02eca30f33c3f2bb99db55fae83b82260a780b369,12263,local-authority-eng:HAT,ad5b569cebd9503989e03bc4b34ffb31ba1a2816ef26ca43af1fe98ce0559f33,2021-10-07,
d5c7e4f72604f412c93621c00f39247efef6028a7ecb485fa44fdc1b76d37510,9205,local-authority-eng:ERY,3992959d38f1c2642f75c91bbbad68c992a065ec50e02ba690ac8f4b711a8269,2021-03-25,
d7cff6eaa4f5e9c21ab17e82cc804c453929dd493b8792ff6868fb6dc3e5395f,5464,local-authority-eng:BRX,a06836755418154220d78214dc67d2aef22e109b38e0ea1eaf4a18ca67e54c5b,2021-03-25,
d8767338f601dd058744637696f4c00b3edd87276f53e4395db854bf72e2863b,1115,local-authority-eng:GLO,ff11e8140d3e8733666b7f462a610ce1d4e51af27ec0cb496166bc0d5bed4f4d,2021-03-25,
d878d9d3642dd86d68af421adad7046a2b7ba8d9660861014aa0c85b2c29fda2,13091,national-park-authority:Q20198711,4eb60d265d44e697ed8d149e38c47a684514892a938ea1b1f267ac0435cf494d,2021-10-07,
daed91796cc88d45cd4bb0f6964e4ffadfa5e474f8b5b9b5c7f8825735654e43,19175,local-authority-eng:IOW,ab5f9891cd4f8fdb4b5a70b17c6b5134d5a5de750f751f039de1000a2931cb95,2021-04-13,2021-05-13
db0657204595c9253cdc9ecb7fac06615af433148eae36898ba31699f2c86e7f,215,national-park-authority:Q4972284,86b8b9fb695025941a7f16e9db7c35b5573345460b92d95383d537ad14470ccd,2021-03-25,
db997853c615a760b3c77a390b4e7c7f62ff993b778e7d1c991db8e650fe4859,5751,local-authority-eng:WOT,88737f7c21c72420b9420309ceab7f5424cb9d959a9e4b3decb3654bc6a90ba1,2021-03-25,
dba67865310834f42fbba9540b943a1e26057ab7ff87f0e9428fc99fafaf0335,1006,local-authority-eng:ALL,3806dacdee7fdc83511ee391e60b660faa1423336d74ed1f8707f02bcc2a24c0,2021-10-07,
dbd13985fc3570bcb6c16cf2d08c04054342b9932e352741fdcecd1e2153b53f,138,local-authority-eng:SLF,6cb8454755578c0494f830408999f5efc0a4cde7db6dfd0ed4b4b61cbafd2ee2,2021-03-25,
dd7407b9ef67a555c1a4c5bd41c61c2ebf221fd8478d0a1275422f2290f7c079,37137,local-authority-eng:SND,3c6e01bbf35f5618601873d4025c1d3abae976b24dd58bd41611feea56f7d84e,2021-03-25,
e029cb76cbe7feac0697ba07b8e2a25b00c05cf3919da4c4f72b4d8670104f17,2712,local-authority-eng:CHT,910e422ddd3431a329371268bfcade444c7f56188295f21b36fe5fb67b17032d,2021-03-25,
e04fc5c2a03835b4e35e16160208b7d23942a2f4109a7e51b8ca36e4e72244e8,16621,local-authority-eng:BLA,a489e675da870d3131ed71f8a154b3a53e6fb46ae2c05bf3c1a15bae194f74d1,2021-10-07,
e06e421726ef8deed6a9f0aff09665fe0960960c2216ef6652fae98b6e1521d8,10122,local-authority-eng:IOW,e6fbd61b44f686dfd55a324b35b494c0e8ecca549356a0bece6c93cc5090f035,2021-08-03,2021-09-08
e15f264e573705c31eaec00f00ea3c6cfaf41e0514b875ba7a85f0413c8e288a,52547,local-authority-eng:ECA,2194d68b6706bbd37db722beafac663dcc1008950597dd85e51c4643c337ea68,2021-10-07,
e39154ec88224e0a52e16d369c0a184511f7ce2a74053c7b091d832072572683,30103,local-authority-eng:IOW,0a9a3c4904e8eb53d4e6dc90ab208b93209c930e3a1ef2d3ed9f903c3ef7f482,2021-10-29,2021-11-02
e550a1c4d83bb4a0af324785850a695815c05054f70c9f53a2b6dbf90f16f37c,22586,local-authority-eng:IOW,ab5f9891cd4f8fdb4b5a70b17c6b5134d5a5de750f751f039de1000a2931cb95,2021-11-03,2021-11-03
e684a71d2e206e9198496cf26101f1a57e17dd0fa81e2d212c240b2e0c6ad6f2,22694,local-authority-eng:ASF,b62600aa5ae21984740f8bd61a64817f941aeccf5a82dea4ac5bd3746a696471,2021-10-07,
e751743d1851db003d2904cffc218c3125c3fc2b57cd1efa4adba8001306eb85,29589,local-authority-eng:IOW,0a9a3c4904e8eb53d4e6dc90ab208b93209c930e3a1ef2d3ed9f903c3ef7f482,2021-10-05,2021-10-27
e7ca5b3b0157972149b2a38c06e7fb63a96c74d5d7cd287101adad2653167653,5869,local-authority-eng:BRA,9ef56ec1d69b833696cf01772f596dae6ffde5e510c0980988b2b7180a4a4735,2021-03-25,
e8c140ee7c69173f6e6de8cb2c2fad5beb340203e435de93a485bcf548161986,13175,local-authority-eng:BRX,b15edd86367e6636e0f485d4a7d538ab0512dad67b7eb1505854177d2f67a150,2021-03-25,
e903e4fbe6154cd629d55a171f6d164f5fcdc2b0e49517a0414e54741b55bb86,2048,local-authority-eng:ADU,ceab451289dbca5d078da2e7aafeef58392d5dc410d718e086859fa41a6d8810,2021-03-25,
e92c0f88b988e4450c7edcd7591df970e3eb232f5bb3a222cea63592a302bf03,42108,local-authority-eng:ARU,be53583f5bde4c207622ab642906244f243ee8adee8d825c56615905475639e2,2021-10-07,
e9c4e3e55c016bb0c2ea0b64304f70499ea50ed6411fe5773eede0f944e62c86,661,local-authority-eng:SHA,dcd79627acc9f6a449fb6f9dd65823bc8556e68183ec85940c46c8024dd62cf6,2021-03-25,
ea727179db9213ce2c28f7f130de5022fb8c2d687408e7d93cbf171de2da29ad,9213,local-authority-eng:IOW,e6fbd61b44f686dfd55a324b35b494c0e8ecca549356a0bece6c93cc5090f035,2021-03-25,2021-04-12
eb273c8b01625ba61c1da2cb7aa5d3b5a8baaee93fadd43459eccb9a42b770a8,26952,local-authority-eng:IOW,ab5f9891cd4f8fdb4b5a70b17c6b5134d5a5de750f751f039de1000a2931cb95,2021-11-05,2021-11-05
ed42d691b09eda20badfa5bc6fcfb43142a3cd8b8b9ed462e19fd917381bedb8,29925,local-authority-eng:IOW,0a9a3c4904e8eb53d4e6dc90ab208b93209c930e3a1ef2d3ed9f903c3ef7f482,2021-10-28,2021-10-28
f057b191fd6a805cbe7af9fee17a9962516f845925c7d70c9db4fba327ffb22e,512,local-authority-eng:WDE,ce0bd6e8e1ca415fd3a44286a7a1b1901854db7b3b65ddebb43c7cd6d0253199,2021-03-25,
f0a0a9575d78bbabee8b99aa84b08529d598b079cfb2383d5b3f50cc5ebbcc44,1060,local-authority-eng:NEA,67d437af3185d71185cb7693beff108ebc6feea2f91df5feb616f87ace9a429e,2021-03-25,2021-09-07
f2a5bfe77f278502943033dd963833a85415cc0889c97b9b6907b1486c5cb133,20137,national-park-authority:Q20198711,0e9b1c0a5c0f28f503fbb3df2e6202ea05c67f9739ce61f6ce64c8eef2698802,2021-10-07,
f374274d440bd2d4a7b22659e74a029be58179992e99064906d016667839d0f1,4544,local-authority-eng:NLN,31594a177291d609857bb8b76738f437fb3f85dfb84f747abf049b754c875863,2021-03-25,
f3800e25f65106a7ee2a2f72753c8859fe6635e9f4c3e6043f55f5c2ee75aa78,23998,local-authority-eng:IOW,ab5f9891cd4f8fdb4b5a70b17c6b5134d5a5de750f751f039de1000a2931cb95,2021-11-04,2021-11-04
f42dceab37c2a991447b11d83a2b8a427a12b1f887414ebc9f1aef48ed379299,9896,local-authority-eng:IOW,e6fbd61b44f686dfd55a324b35b494c0e8ecca549356a0bece6c93cc5090f035,2021-07-28,2021-07-30
f45e4d90d15d43a7b3315dbbe1400614d10a5074fde2c158a085abe728cfa478,12887,local-authority-eng:EHE,2398916e652311c83f7d73136018b4c67eba0d5b02bc26289822daf7511a084c,2021-03-25,
f6208123b43caa634aa59bf43917f9828b953c79050252262adcfbdae887c142,27304,local-authority-eng:IOW,0a9a3c4904e8eb53d4e6dc90ab208b93209c930e3a1ef2d3ed9f903c3ef7f482,2021-09-07,2021-09-08
f7dc8ad131733d544fe6b0430cda5ad92ec4c20e155f3462ee2f035cc9181f00,11784,local-authority-eng:IOW,e6fbd61b44f686dfd55a324b35b494c0e8ecca549356a0bece6c93cc5090f035,2021-11-05,
f837fdb379cdd6086be9d2b006cef4bdfb9f41ac65a0810cd8293499a135ebcf,1813,local-authority-eng:BOT,baf92f29405c1a04cfb25818fa531d05b29ece1000067f5fee9e855e0969cc24,2021-03-25,
f88aa0734c0787a305c642061d062c0f787f96f54d5a6dd8d0abef604343f725,7750,local-authority-eng:GOS,b719eb1ac2edadc67ec0f586ef884601abec7ee2eb0ec4fb92f66a13bbe96116,2021-03-25,
f8e1cacfb6d9b5809543cb4226dd1e8729a39fb8c968286ce03e55530774d687,9669,local-authority-eng:IOW,e6fbd61b44f686dfd55a324b35b494c0e8ecca549356a0bece6c93cc5090f035,2021-04-21,2021-04-26
f945b53a82d5a0bcd7d1b30ca0b89e812c6c505426d3ab8077ce37085bf19622,10944,local-authority-eng:COV,1ae6b8cc4fab55aa8e23b51160c3e51b350eb8d44a04d6f9a367c10184f0606f,2021-10-07,
f9edd1a18f643a763435bd801a7e5a7f9a7ba3abc4889fdab54e58c751f19528,1829,local-authority-eng:EST,23edc40c94663cc5c9870d29874115735a5ffae8f111ae3741692452b5a422a7,2021-03-25,
fbd716804eda0c8d0474ba966e38a32359dc716f2cbc6d828775c6054a69c980,3080,local-authority-eng:HRT,6fb30c974f37f266c3947079dd9c3eb60c0cb1eaa550c4a27b1ea2886efd6a6a,2021-03-25,
fbf783e2048929f9393ae8375e17205c23b377d2a22fb49692a6c9a12ef8ad49,4330,local-authority-eng:NFK,ea080017f5b7e966e610a093053208abc19117506eca678fd3532938502e519d,2021-11-11,
feb4960a68bed6a3f6400f21b10d5fb6c7f3d861ad9d2ff2ee1328a345e1ef58,1812,local-authority-eng:HAT,b07b8c73f63f66ded3794efb67a1a0d6d4e779ad90e292bd53c90ac02506a513,2021-10-07,
ff9ef3a1abf830c41541f2f31c0a49ade03452de965d522a24e705be483477f1,230926,local-authority-eng:ELI,d80c65813a53b77cbd21f3149a9f4a00bb1208bc3e94f95cd46aeaeb74505ff3,2021-10-07,
ffea61377ad730a7ca60e64de3329723f38e522c2b2a6e0ebd19c4bac3b95b23,4994,local-authority-eng:COV,a9d95b6ba58c1047ecf0611c08a47b61bcf33a752ab283009e55ba02534ec019,2021-10-07,
